{
  "test/integration/pages/MitigationsList.js.map": 1693736652876,
  "test/integration/pages/MitigationsList.js": 1693729007840,
  "test/integration/pages/MitigationsObjectPage.js": 1693729007844,
  "test/integration/pages/RisksObjectPage.js": 1693729007860,
  "test/integration/opaTests.qunit.js": 1693729007828,
  "test/integration/FirstJourney.js": 1693729007892,
  "test/testsuite.qunit.js": 1693729007796,
  "xs-app.json": 1693736636661,
  "manifest.json": 1693736636661,
  "Component.js": 1693729007712,
  "test/integration/pages/MitigationsObjectPage-dbg.js": 1693729007844,
  "test/integration/pages/MitigationsObjectPage.js.map": 1693736652874,
  "test/integration/pages/MitigationsList-dbg.js": 1693729007840,
  "i18n/i18n.properties": 1693729022300,
  "test/integration/pages/RisksObjectPage-dbg.js": 1693729007860,
  "test/integration/pages/RisksObjectPage.js.map": 1693736652876,
  "test/integration/opaTests.qunit-dbg.js": 1693729007828,
  "test/integration/opaTests.qunit.js.map": 1693736652829,
  "test/integration/FirstJourney-dbg.js": 1693729007892,
  "test/integration/FirstJourney.js.map": 1693736652873,
  "test/testsuite.qunit-dbg.js": 1693729007796,
  "test/testsuite.qunit.js.map": 1693736652877,
  "Component-dbg.js": 1693729007712,
  "Component.js.map": 1693736652876,
  "Component-preload.js": 1693736653046,
  "Component-preload.js.map": 1693736653046,
  "test/integration/opaTests.qunit.html": 1693729007820,
  "test/testsuite.qunit.html": 1693729007756,
  "test/flpSandbox.html": 1693729007756,
  "localService/metadata.xml": 1693729007752,
  "index.html": 1693729007712
}