{
  "test/integration/FirstJourney.js.map": 1693736660924,
  "test/integration/pages/RisksObjectPage.js": 1693728794272,
  "test/integration/pages/RisksList.js": 1693728794272,
  "test/integration/opaTests.qunit.js": 1693728794252,
  "test/integration/FirstJourney.js": 1693728794296,
  "test/testsuite.qunit.js": 1693728794236,
  "xs-app.json": 1693736636665,
  "manifest.json": 1693736636665,
  "Component.js": 1693728794204,
  "test/testsuite.qunit-dbg.js": 1693728794236,
  "test/testsuite.qunit.js.map": 1693736660979,
  "test/integration/pages/RisksList-dbg.js": 1693728794272,
  "test/integration/pages/RisksList.js.map": 1693736660975,
  "test/integration/opaTests.qunit-dbg.js": 1693728794252,
  "test/integration/opaTests.qunit.js.map": 1693736660980,
  "test/integration/FirstJourney-dbg.js": 1693728794296,
  "i18n/i18n.properties": 1693728814271,
  "test/integration/pages/RisksObjectPage-dbg.js": 1693728794272,
  "test/integration/pages/RisksObjectPage.js.map": 1693736660930,
  "Component-dbg.js": 1693728794204,
  "Component.js.map": 1693736660938,
  "Component-preload.js": 1693736661118,
  "Component-preload.js.map": 1693736661118,
  "test/integration/opaTests.qunit.html": 1693728794252,
  "test/testsuite.qunit.html": 1693728794228,
  "test/flpSandbox.html": 1693728794228,
  "localService/metadata.xml": 1693728794228,
  "index.html": 1693728794204
}